-- E-commerce sample schema & data seed
-- Generated: 2025-08-13T08:33:38

DROP TABLE IF EXISTS orders;
DROP TABLE IF EXISTS products;
DROP TABLE IF EXISTS customers;

CREATE TABLE customers (
    customer_id INT PRIMARY KEY,
    customer_name VARCHAR(100),
    region VARCHAR(50)
);

CREATE TABLE products (
    product_id INT PRIMARY KEY,
    product_name VARCHAR(100),
    category VARCHAR(50),
    price DECIMAL(10,2)
);

CREATE TABLE orders (
    order_id INT PRIMARY KEY,
    customer_id INT REFERENCES customers(customer_id),
    product_id INT REFERENCES products(product_id),
    order_date DATE,
    quantity INT,
    price DECIMAL(10,2),
    total_value DECIMAL(12,2)
);

-- customers
INSERT INTO customers (customer_id, customer_name, region) VALUES (1, 'Customer 1', 'South');
INSERT INTO customers (customer_id, customer_name, region) VALUES (2, 'Customer 2', 'South');
INSERT INTO customers (customer_id, customer_name, region) VALUES (3, 'Customer 3', 'West');
INSERT INTO customers (customer_id, customer_name, region) VALUES (4, 'Customer 4', 'South');
INSERT INTO customers (customer_id, customer_name, region) VALUES (5, 'Customer 5', 'North');
INSERT INTO customers (customer_id, customer_name, region) VALUES (6, 'Customer 6', 'North');
INSERT INTO customers (customer_id, customer_name, region) VALUES (7, 'Customer 7', 'West');
INSERT INTO customers (customer_id, customer_name, region) VALUES (8, 'Customer 8', 'East');
INSERT INTO customers (customer_id, customer_name, region) VALUES (9, 'Customer 9', 'East');
INSERT INTO customers (customer_id, customer_name, region) VALUES (10, 'Customer 10', 'East');
INSERT INTO customers (customer_id, customer_name, region) VALUES (11, 'Customer 11', 'West');
INSERT INTO customers (customer_id, customer_name, region) VALUES (12, 'Customer 12', 'East');
INSERT INTO customers (customer_id, customer_name, region) VALUES (13, 'Customer 13', 'South');
INSERT INTO customers (customer_id, customer_name, region) VALUES (14, 'Customer 14', 'East');
INSERT INTO customers (customer_id, customer_name, region) VALUES (15, 'Customer 15', 'North');
INSERT INTO customers (customer_id, customer_name, region) VALUES (16, 'Customer 16', 'North');
INSERT INTO customers (customer_id, customer_name, region) VALUES (17, 'Customer 17', 'West');
INSERT INTO customers (customer_id, customer_name, region) VALUES (18, 'Customer 18', 'East');
INSERT INTO customers (customer_id, customer_name, region) VALUES (19, 'Customer 19', 'North');
INSERT INTO customers (customer_id, customer_name, region) VALUES (20, 'Customer 20', 'West');
INSERT INTO customers (customer_id, customer_name, region) VALUES (21, 'Customer 21', 'South');
INSERT INTO customers (customer_id, customer_name, region) VALUES (22, 'Customer 22', 'West');
INSERT INTO customers (customer_id, customer_name, region) VALUES (23, 'Customer 23', 'West');
INSERT INTO customers (customer_id, customer_name, region) VALUES (24, 'Customer 24', 'South');
INSERT INTO customers (customer_id, customer_name, region) VALUES (25, 'Customer 25', 'North');
INSERT INTO customers (customer_id, customer_name, region) VALUES (26, 'Customer 26', 'South');
INSERT INTO customers (customer_id, customer_name, region) VALUES (27, 'Customer 27', 'East');
INSERT INTO customers (customer_id, customer_name, region) VALUES (28, 'Customer 28', 'West');
INSERT INTO customers (customer_id, customer_name, region) VALUES (29, 'Customer 29', 'West');
INSERT INTO customers (customer_id, customer_name, region) VALUES (30, 'Customer 30', 'South');
INSERT INTO customers (customer_id, customer_name, region) VALUES (31, 'Customer 31', 'South');
INSERT INTO customers (customer_id, customer_name, region) VALUES (32, 'Customer 32', 'West');
INSERT INTO customers (customer_id, customer_name, region) VALUES (33, 'Customer 33', 'East');
INSERT INTO customers (customer_id, customer_name, region) VALUES (34, 'Customer 34', 'East');
INSERT INTO customers (customer_id, customer_name, region) VALUES (35, 'Customer 35', 'North');
INSERT INTO customers (customer_id, customer_name, region) VALUES (36, 'Customer 36', 'North');
INSERT INTO customers (customer_id, customer_name, region) VALUES (37, 'Customer 37', 'East');
INSERT INTO customers (customer_id, customer_name, region) VALUES (38, 'Customer 38', 'South');
INSERT INTO customers (customer_id, customer_name, region) VALUES (39, 'Customer 39', 'South');
INSERT INTO customers (customer_id, customer_name, region) VALUES (40, 'Customer 40', 'West');
INSERT INTO customers (customer_id, customer_name, region) VALUES (41, 'Customer 41', 'North');
INSERT INTO customers (customer_id, customer_name, region) VALUES (42, 'Customer 42', 'North');
INSERT INTO customers (customer_id, customer_name, region) VALUES (43, 'Customer 43', 'East');
INSERT INTO customers (customer_id, customer_name, region) VALUES (44, 'Customer 44', 'East');
INSERT INTO customers (customer_id, customer_name, region) VALUES (45, 'Customer 45', 'North');
INSERT INTO customers (customer_id, customer_name, region) VALUES (46, 'Customer 46', 'South');
INSERT INTO customers (customer_id, customer_name, region) VALUES (47, 'Customer 47', 'South');
INSERT INTO customers (customer_id, customer_name, region) VALUES (48, 'Customer 48', 'East');
INSERT INTO customers (customer_id, customer_name, region) VALUES (49, 'Customer 49', 'West');
INSERT INTO customers (customer_id, customer_name, region) VALUES (50, 'Customer 50', 'South');

-- products
INSERT INTO products (product_id, product_name, category, price) VALUES (1, 'Product 1', 'Accessories', 1737.03);
INSERT INTO products (product_id, product_name, category, price) VALUES (2, 'Product 2', 'Home Appliances', 4224.85);
INSERT INTO products (product_id, product_name, category, price) VALUES (3, 'Product 3', 'Accessories', 3935.54);
INSERT INTO products (product_id, product_name, category, price) VALUES (4, 'Product 4', 'Home Appliances', 2242.37);
INSERT INTO products (product_id, product_name, category, price) VALUES (5, 'Product 5', 'Electronics', 311.46);
INSERT INTO products (product_id, product_name, category, price) VALUES (6, 'Product 6', 'Electronics', 1477.26);
INSERT INTO products (product_id, product_name, category, price) VALUES (7, 'Product 7', 'Electronics', 817.9);
INSERT INTO products (product_id, product_name, category, price) VALUES (8, 'Product 8', 'Home Appliances', 4397.77);
INSERT INTO products (product_id, product_name, category, price) VALUES (9, 'Product 9', 'Electronics', 281.23);
INSERT INTO products (product_id, product_name, category, price) VALUES (10, 'Product 10', 'Accessories', 4647.2);
INSERT INTO products (product_id, product_name, category, price) VALUES (11, 'Product 11', 'Home Appliances', 890.75);
INSERT INTO products (product_id, product_name, category, price) VALUES (12, 'Product 12', 'Electronics', 1035.17);
INSERT INTO products (product_id, product_name, category, price) VALUES (13, 'Product 13', 'Home Appliances', 956.94);
INSERT INTO products (product_id, product_name, category, price) VALUES (14, 'Product 14', 'Home Appliances', 2724.01);
INSERT INTO products (product_id, product_name, category, price) VALUES (15, 'Product 15', 'Accessories', 4387.98);
INSERT INTO products (product_id, product_name, category, price) VALUES (16, 'Product 16', 'Accessories', 4401.48);
INSERT INTO products (product_id, product_name, category, price) VALUES (17, 'Product 17', 'Home Appliances', 3449.47);
INSERT INTO products (product_id, product_name, category, price) VALUES (18, 'Product 18', 'Electronics', 1712.28);
INSERT INTO products (product_id, product_name, category, price) VALUES (19, 'Product 19', 'Electronics', 2504.68);
INSERT INTO products (product_id, product_name, category, price) VALUES (20, 'Product 20', 'Accessories', 2598.66);
INSERT INTO products (product_id, product_name, category, price) VALUES (21, 'Product 21', 'Accessories', 1233.81);
INSERT INTO products (product_id, product_name, category, price) VALUES (22, 'Product 22', 'Electronics', 860.5);
INSERT INTO products (product_id, product_name, category, price) VALUES (23, 'Product 23', 'Home Appliances', 3227.3);
INSERT INTO products (product_id, product_name, category, price) VALUES (24, 'Product 24', 'Accessories', 4859.36);
INSERT INTO products (product_id, product_name, category, price) VALUES (25, 'Product 25', 'Home Appliances', 1725.17);
INSERT INTO products (product_id, product_name, category, price) VALUES (26, 'Product 26', 'Electronics', 690.12);
INSERT INTO products (product_id, product_name, category, price) VALUES (27, 'Product 27', 'Home Appliances', 4848.51);
INSERT INTO products (product_id, product_name, category, price) VALUES (28, 'Product 28', 'Electronics', 658.84);
INSERT INTO products (product_id, product_name, category, price) VALUES (29, 'Product 29', 'Electronics', 4809.13);
INSERT INTO products (product_id, product_name, category, price) VALUES (30, 'Product 30', 'Electronics', 4525.53);

-- orders
INSERT INTO orders (order_id, customer_id, product_id, order_date, quantity, price, total_value) VALUES (1, 49, 17, '2022-11-11', 2, NULL, 0.0);
INSERT INTO orders (order_id, customer_id, product_id, order_date, quantity, price, total_value) VALUES (2, 9, 16, '2022-01-16', 3, NULL, 0.0);
INSERT INTO orders (order_id, customer_id, product_id, order_date, quantity, price, total_value) VALUES (3, 14, 3, '2023-01-29', 5, NULL, 0.0);
INSERT INTO orders (order_id, customer_id, product_id, order_date, quantity, price, total_value) VALUES (4, 9, 1, '2023-04-26', 3, NULL, 0.0);
INSERT INTO orders (order_id, customer_id, product_id, order_date, quantity, price, total_value) VALUES (5, 14, 4, '2022-08-17', 3, NULL, 0.0);
INSERT INTO orders (order_id, customer_id, product_id, order_date, quantity, price, total_value) VALUES (6, 7, 18, '2023-06-07', 1, NULL, 0.0);
INSERT INTO orders (order_id, customer_id, product_id, order_date, quantity, price, total_value) VALUES (7, 13, 12, '2023-04-06', 4, NULL, 0.0);
INSERT INTO orders (order_id, customer_id, product_id, order_date, quantity, price, total_value) VALUES (8, 45, 23, '2023-09-11', 1, NULL, 0.0);
INSERT INTO orders (order_id, customer_id, product_id, order_date, quantity, price, total_value) VALUES (9, 30, 18, '2023-03-06', 3, NULL, 0.0);
INSERT INTO orders (order_id, customer_id, product_id, order_date, quantity, price, total_value) VALUES (10, 5, 7, '2022-06-16', 1, NULL, 0.0);
INSERT INTO orders (order_id, customer_id, product_id, order_date, quantity, price, total_value) VALUES (11, 13, 17, '2022-05-01', 1, NULL, 0.0);
INSERT INTO orders (order_id, customer_id, product_id, order_date, quantity, price, total_value) VALUES (12, 46, 19, '2023-02-22', 4, NULL, 0.0);
INSERT INTO orders (order_id, customer_id, product_id, order_date, quantity, price, total_value) VALUES (13, 8, 15, '2023-06-12', 3, NULL, 0.0);
INSERT INTO orders (order_id, customer_id, product_id, order_date, quantity, price, total_value) VALUES (14, 19, 20, '2023-10-21', 3, NULL, 0.0);
INSERT INTO orders (order_id, customer_id, product_id, order_date, quantity, price, total_value) VALUES (15, 46, 8, '2022-06-10', 2, NULL, 0.0);
INSERT INTO orders (order_id, customer_id, product_id, order_date, quantity, price, total_value) VALUES (16, 6, 22, '2023-07-21', 5, NULL, 0.0);
INSERT INTO orders (order_id, customer_id, product_id, order_date, quantity, price, total_value) VALUES (17, 42, 12, '2022-01-19', 1, NULL, 0.0);
INSERT INTO orders (order_id, customer_id, product_id, order_date, quantity, price, total_value) VALUES (18, 32, 7, '2022-07-01', 2, NULL, 0.0);
INSERT INTO orders (order_id, customer_id, product_id, order_date, quantity, price, total_value) VALUES (19, 40, 15, '2022-01-29', 5, NULL, 0.0);
INSERT INTO orders (order_id, customer_id, product_id, order_date, quantity, price, total_value) VALUES (20, 25, 2, '2023-09-03', 3, NULL, 0.0);
INSERT INTO orders (order_id, customer_id, product_id, order_date, quantity, price, total_value) VALUES (21, 33, 6, '2023-06-02', 5, NULL, 0.0);
INSERT INTO orders (order_id, customer_id, product_id, order_date, quantity, price, total_value) VALUES (22, 13, 26, '2022-01-07', 1, NULL, 0.0);
INSERT INTO orders (order_id, customer_id, product_id, order_date, quantity, price, total_value) VALUES (23, 3, 28, '2023-11-07', 5, NULL, 0.0);
INSERT INTO orders (order_id, customer_id, product_id, order_date, quantity, price, total_value) VALUES (24, 18, 26, '2023-09-18', 1, NULL, 0.0);
INSERT INTO orders (order_id, customer_id, product_id, order_date, quantity, price, total_value) VALUES (25, 14, 18, '2023-10-07', 1, NULL, 0.0);
INSERT INTO orders (order_id, customer_id, product_id, order_date, quantity, price, total_value) VALUES (26, 20, 10, '2023-05-18', 5, NULL, 0.0);
INSERT INTO orders (order_id, customer_id, product_id, order_date, quantity, price, total_value) VALUES (27, 23, 22, '2023-05-11', 1, NULL, 0.0);
INSERT INTO orders (order_id, customer_id, product_id, order_date, quantity, price, total_value) VALUES (28, 46, 2, '2023-04-05', 1, NULL, 0.0);
INSERT INTO orders (order_id, customer_id, product_id, order_date, quantity, price, total_value) VALUES (29, 6, 27, '2023-10-13', 1, NULL, 0.0);
INSERT INTO orders (order_id, customer_id, product_id, order_date, quantity, price, total_value) VALUES (30, 35, 11, '2023-11-17', 4, NULL, 0.0);
INSERT INTO orders (order_id, customer_id, product_id, order_date, quantity, price, total_value) VALUES (31, 15, 16, '2023-08-06', 4, NULL, 0.0);
INSERT INTO orders (order_id, customer_id, product_id, order_date, quantity, price, total_value) VALUES (32, 8, 22, '2022-03-19', 5, NULL, 0.0);
INSERT INTO orders (order_id, customer_id, product_id, order_date, quantity, price, total_value) VALUES (33, 40, 18, '2022-12-30', 2, NULL, 0.0);
INSERT INTO orders (order_id, customer_id, product_id, order_date, quantity, price, total_value) VALUES (34, 34, 13, '2023-07-14', 1, NULL, 0.0);
INSERT INTO orders (order_id, customer_id, product_id, order_date, quantity, price, total_value) VALUES (35, 10, 9, '2022-04-28', 5, NULL, 0.0);
INSERT INTO orders (order_id, customer_id, product_id, order_date, quantity, price, total_value) VALUES (36, 35, 25, '2023-10-15', 2, NULL, 0.0);
INSERT INTO orders (order_id, customer_id, product_id, order_date, quantity, price, total_value) VALUES (37, 45, 9, '2023-09-21', 1, NULL, 0.0);
INSERT INTO orders (order_id, customer_id, product_id, order_date, quantity, price, total_value) VALUES (38, 38, 1, '2023-03-06', 3, NULL, 0.0);
INSERT INTO orders (order_id, customer_id, product_id, order_date, quantity, price, total_value) VALUES (39, 44, 12, '2022-02-27', 4, NULL, 0.0);
INSERT INTO orders (order_id, customer_id, product_id, order_date, quantity, price, total_value) VALUES (40, 46, 7, '2022-12-08', 4, NULL, 0.0);
INSERT INTO orders (order_id, customer_id, product_id, order_date, quantity, price, total_value) VALUES (41, 10, 13, '2023-02-07', 5, NULL, 0.0);
INSERT INTO orders (order_id, customer_id, product_id, order_date, quantity, price, total_value) VALUES (42, 3, 5, '2022-10-23', 1, NULL, 0.0);
INSERT INTO orders (order_id, customer_id, product_id, order_date, quantity, price, total_value) VALUES (43, 34, 7, '2022-05-15', 5, NULL, 0.0);
INSERT INTO orders (order_id, customer_id, product_id, order_date, quantity, price, total_value) VALUES (44, 28, 10, '2022-05-25', 1, NULL, 0.0);
INSERT INTO orders (order_id, customer_id, product_id, order_date, quantity, price, total_value) VALUES (45, 39, 2, '2023-09-03', 2, NULL, 0.0);
INSERT INTO orders (order_id, customer_id, product_id, order_date, quantity, price, total_value) VALUES (46, 1, 23, '2022-05-31', 4, NULL, 0.0);
INSERT INTO orders (order_id, customer_id, product_id, order_date, quantity, price, total_value) VALUES (47, 31, 27, '2022-05-11', 4, NULL, 0.0);
INSERT INTO orders (order_id, customer_id, product_id, order_date, quantity, price, total_value) VALUES (48, 29, 6, '2022-09-28', 1, NULL, 0.0);
INSERT INTO orders (order_id, customer_id, product_id, order_date, quantity, price, total_value) VALUES (49, 37, 9, '2022-12-04', 1, NULL, 0.0);
INSERT INTO orders (order_id, customer_id, product_id, order_date, quantity, price, total_value) VALUES (50, 32, 6, '2022-08-29', 4, NULL, 0.0);
INSERT INTO orders (order_id, customer_id, product_id, order_date, quantity, price, total_value) VALUES (51, 31, 2, '2022-04-19', 4, NULL, 0.0);
INSERT INTO orders (order_id, customer_id, product_id, order_date, quantity, price, total_value) VALUES (52, 41, 21, '2023-11-07', 2, NULL, 0.0);
INSERT INTO orders (order_id, customer_id, product_id, order_date, quantity, price, total_value) VALUES (53, 35, 22, '2022-01-21', 5, NULL, 0.0);
INSERT INTO orders (order_id, customer_id, product_id, order_date, quantity, price, total_value) VALUES (54, 48, 7, '2023-01-24', 2, NULL, 0.0);
INSERT INTO orders (order_id, customer_id, product_id, order_date, quantity, price, total_value) VALUES (55, 7, 10, '2023-03-07', 1, NULL, 0.0);
INSERT INTO orders (order_id, customer_id, product_id, order_date, quantity, price, total_value) VALUES (56, 23, 3, '2023-04-21', 4, NULL, 0.0);
INSERT INTO orders (order_id, customer_id, product_id, order_date, quantity, price, total_value) VALUES (57, 30, 20, '2022-05-31', 3, NULL, 0.0);
INSERT INTO orders (order_id, customer_id, product_id, order_date, quantity, price, total_value) VALUES (58, 40, 24, '2023-07-13', 1, NULL, 0.0);
INSERT INTO orders (order_id, customer_id, product_id, order_date, quantity, price, total_value) VALUES (59, 48, 17, '2022-06-03', 3, NULL, 0.0);
INSERT INTO orders (order_id, customer_id, product_id, order_date, quantity, price, total_value) VALUES (60, 22, 19, '2022-04-24', 3, NULL, 0.0);
INSERT INTO orders (order_id, customer_id, product_id, order_date, quantity, price, total_value) VALUES (61, 40, 21, '2022-03-17', 3, NULL, 0.0);
INSERT INTO orders (order_id, customer_id, product_id, order_date, quantity, price, total_value) VALUES (62, 47, 7, '2023-11-16', 2, NULL, 0.0);
INSERT INTO orders (order_id, customer_id, product_id, order_date, quantity, price, total_value) VALUES (63, 49, 25, '2023-02-06', 2, NULL, 0.0);
INSERT INTO orders (order_id, customer_id, product_id, order_date, quantity, price, total_value) VALUES (64, 12, 6, '2023-02-26', 1, NULL, 0.0);
INSERT INTO orders (order_id, customer_id, product_id, order_date, quantity, price, total_value) VALUES (65, 10, 24, '2022-03-31', 3, NULL, 0.0);
INSERT INTO orders (order_id, customer_id, product_id, order_date, quantity, price, total_value) VALUES (66, 32, 19, '2023-11-06', 1, NULL, 0.0);
INSERT INTO orders (order_id, customer_id, product_id, order_date, quantity, price, total_value) VALUES (67, 41, 18, '2022-08-16', 4, NULL, 0.0);
INSERT INTO orders (order_id, customer_id, product_id, order_date, quantity, price, total_value) VALUES (68, 14, 4, '2023-01-15', 4, NULL, 0.0);
INSERT INTO orders (order_id, customer_id, product_id, order_date, quantity, price, total_value) VALUES (69, 25, 27, '2022-10-30', 2, NULL, 0.0);
INSERT INTO orders (order_id, customer_id, product_id, order_date, quantity, price, total_value) VALUES (70, 15, 2, '2023-08-24', 4, NULL, 0.0);
INSERT INTO orders (order_id, customer_id, product_id, order_date, quantity, price, total_value) VALUES (71, 39, 30, '2023-05-22', 5, NULL, 0.0);
INSERT INTO orders (order_id, customer_id, product_id, order_date, quantity, price, total_value) VALUES (72, 16, 11, '2022-01-17', 3, NULL, 0.0);
INSERT INTO orders (order_id, customer_id, product_id, order_date, quantity, price, total_value) VALUES (73, 24, 18, '2023-10-06', 1, NULL, 0.0);
INSERT INTO orders (order_id, customer_id, product_id, order_date, quantity, price, total_value) VALUES (74, 10, 30, '2023-09-21', 5, NULL, 0.0);
INSERT INTO orders (order_id, customer_id, product_id, order_date, quantity, price, total_value) VALUES (75, 31, 7, '2023-10-02', 1, NULL, 0.0);
INSERT INTO orders (order_id, customer_id, product_id, order_date, quantity, price, total_value) VALUES (76, 10, 27, '2022-01-27', 1, NULL, 0.0);
INSERT INTO orders (order_id, customer_id, product_id, order_date, quantity, price, total_value) VALUES (77, 40, 19, '2022-07-03', 4, NULL, 0.0);
INSERT INTO orders (order_id, customer_id, product_id, order_date, quantity, price, total_value) VALUES (78, 47, 27, '2023-05-14', 2, NULL, 0.0);
INSERT INTO orders (order_id, customer_id, product_id, order_date, quantity, price, total_value) VALUES (79, 7, 3, '2022-07-06', 4, NULL, 0.0);
INSERT INTO orders (order_id, customer_id, product_id, order_date, quantity, price, total_value) VALUES (80, 6, 10, '2023-10-15', 5, NULL, 0.0);
INSERT INTO orders (order_id, customer_id, product_id, order_date, quantity, price, total_value) VALUES (81, 22, 7, '2022-11-17', 3, NULL, 0.0);
INSERT INTO orders (order_id, customer_id, product_id, order_date, quantity, price, total_value) VALUES (82, 34, 6, '2023-06-18', 4, NULL, 0.0);
INSERT INTO orders (order_id, customer_id, product_id, order_date, quantity, price, total_value) VALUES (83, 28, 1, '2023-11-03', 2, NULL, 0.0);
INSERT INTO orders (order_id, customer_id, product_id, order_date, quantity, price, total_value) VALUES (84, 23, 2, '2023-01-30', 1, NULL, 0.0);
INSERT INTO orders (order_id, customer_id, product_id, order_date, quantity, price, total_value) VALUES (85, 32, 19, '2022-11-20', 4, NULL, 0.0);
INSERT INTO orders (order_id, customer_id, product_id, order_date, quantity, price, total_value) VALUES (86, 17, 8, '2022-10-20', 2, NULL, 0.0);
INSERT INTO orders (order_id, customer_id, product_id, order_date, quantity, price, total_value) VALUES (87, 11, 15, '2023-10-26', 1, NULL, 0.0);
INSERT INTO orders (order_id, customer_id, product_id, order_date, quantity, price, total_value) VALUES (88, 4, 30, '2023-02-26', 5, NULL, 0.0);
INSERT INTO orders (order_id, customer_id, product_id, order_date, quantity, price, total_value) VALUES (89, 50, 9, '2022-06-01', 1, NULL, 0.0);
INSERT INTO orders (order_id, customer_id, product_id, order_date, quantity, price, total_value) VALUES (90, 13, 23, '2022-08-25', 5, NULL, 0.0);
INSERT INTO orders (order_id, customer_id, product_id, order_date, quantity, price, total_value) VALUES (91, 38, 18, '2023-12-09', 3, NULL, 0.0);
INSERT INTO orders (order_id, customer_id, product_id, order_date, quantity, price, total_value) VALUES (92, 39, 10, '2022-04-13', 4, NULL, 0.0);
INSERT INTO orders (order_id, customer_id, product_id, order_date, quantity, price, total_value) VALUES (93, 7, 2, '2022-02-06', 3, NULL, 0.0);
INSERT INTO orders (order_id, customer_id, product_id, order_date, quantity, price, total_value) VALUES (94, 18, 21, '2023-01-11', 2, NULL, 0.0);
INSERT INTO orders (order_id, customer_id, product_id, order_date, quantity, price, total_value) VALUES (95, 10, 4, '2023-06-14', 5, NULL, 0.0);
INSERT INTO orders (order_id, customer_id, product_id, order_date, quantity, price, total_value) VALUES (96, 5, 9, '2022-06-18', 1, NULL, 0.0);
INSERT INTO orders (order_id, customer_id, product_id, order_date, quantity, price, total_value) VALUES (97, 24, 16, '2023-05-03', 1, NULL, 0.0);
INSERT INTO orders (order_id, customer_id, product_id, order_date, quantity, price, total_value) VALUES (98, 21, 25, '2022-09-20', 5, NULL, 0.0);
INSERT INTO orders (order_id, customer_id, product_id, order_date, quantity, price, total_value) VALUES (99, 38, 30, '2022-07-22', 5, NULL, 0.0);
INSERT INTO orders (order_id, customer_id, product_id, order_date, quantity, price, total_value) VALUES (100, 11, 26, '2022-10-20', 5, NULL, 0.0);
INSERT INTO orders (order_id, customer_id, product_id, order_date, quantity, price, total_value) VALUES (101, 2, 23, '2022-01-26', 4, NULL, 0.0);
INSERT INTO orders (order_id, customer_id, product_id, order_date, quantity, price, total_value) VALUES (102, 25, 14, '2023-12-26', 3, NULL, 0.0);
INSERT INTO orders (order_id, customer_id, product_id, order_date, quantity, price, total_value) VALUES (103, 16, 5, '2023-12-11', 4, NULL, 0.0);
INSERT INTO orders (order_id, customer_id, product_id, order_date, quantity, price, total_value) VALUES (104, 37, 20, '2022-08-11', 5, NULL, 0.0);
INSERT INTO orders (order_id, customer_id, product_id, order_date, quantity, price, total_value) VALUES (105, 23, 29, '2022-06-05', 4, NULL, 0.0);
INSERT INTO orders (order_id, customer_id, product_id, order_date, quantity, price, total_value) VALUES (106, 7, 21, '2023-10-01', 5, NULL, 0.0);
INSERT INTO orders (order_id, customer_id, product_id, order_date, quantity, price, total_value) VALUES (107, 38, 24, '2023-05-18', 3, NULL, 0.0);
INSERT INTO orders (order_id, customer_id, product_id, order_date, quantity, price, total_value) VALUES (108, 18, 20, '2023-11-11', 3, NULL, 0.0);
INSERT INTO orders (order_id, customer_id, product_id, order_date, quantity, price, total_value) VALUES (109, 40, 13, '2022-10-12', 1, NULL, 0.0);
INSERT INTO orders (order_id, customer_id, product_id, order_date, quantity, price, total_value) VALUES (110, 15, 2, '2023-05-29', 5, NULL, 0.0);
INSERT INTO orders (order_id, customer_id, product_id, order_date, quantity, price, total_value) VALUES (111, 36, 5, '2022-09-19', 3, NULL, 0.0);
INSERT INTO orders (order_id, customer_id, product_id, order_date, quantity, price, total_value) VALUES (112, 32, 18, '2022-11-06', 5, NULL, 0.0);
INSERT INTO orders (order_id, customer_id, product_id, order_date, quantity, price, total_value) VALUES (113, 37, 26, '2022-01-13', 3, NULL, 0.0);
INSERT INTO orders (order_id, customer_id, product_id, order_date, quantity, price, total_value) VALUES (114, 36, 17, '2023-05-10', 2, NULL, 0.0);
INSERT INTO orders (order_id, customer_id, product_id, order_date, quantity, price, total_value) VALUES (115, 46, 14, '2022-11-11', 5, NULL, 0.0);
INSERT INTO orders (order_id, customer_id, product_id, order_date, quantity, price, total_value) VALUES (116, 43, 19, '2023-07-31', 2, NULL, 0.0);
INSERT INTO orders (order_id, customer_id, product_id, order_date, quantity, price, total_value) VALUES (117, 9, 23, '2022-09-20', 2, NULL, 0.0);
INSERT INTO orders (order_id, customer_id, product_id, order_date, quantity, price, total_value) VALUES (118, 25, 8, '2022-03-19', 5, NULL, 0.0);
INSERT INTO orders (order_id, customer_id, product_id, order_date, quantity, price, total_value) VALUES (119, 37, 4, '2022-05-28', 1, NULL, 0.0);
INSERT INTO orders (order_id, customer_id, product_id, order_date, quantity, price, total_value) VALUES (120, 9, 16, '2022-11-07', 5, NULL, 0.0);
INSERT INTO orders (order_id, customer_id, product_id, order_date, quantity, price, total_value) VALUES (121, 31, 28, '2022-02-08', 2, NULL, 0.0);
INSERT INTO orders (order_id, customer_id, product_id, order_date, quantity, price, total_value) VALUES (122, 10, 25, '2022-12-07', 3, NULL, 0.0);
INSERT INTO orders (order_id, customer_id, product_id, order_date, quantity, price, total_value) VALUES (123, 43, 17, '2022-09-16', 2, NULL, 0.0);
INSERT INTO orders (order_id, customer_id, product_id, order_date, quantity, price, total_value) VALUES (124, 24, 16, '2023-06-21', 3, NULL, 0.0);
INSERT INTO orders (order_id, customer_id, product_id, order_date, quantity, price, total_value) VALUES (125, 26, 28, '2022-08-12', 5, NULL, 0.0);
INSERT INTO orders (order_id, customer_id, product_id, order_date, quantity, price, total_value) VALUES (126, 29, 28, '2022-06-02', 1, NULL, 0.0);
INSERT INTO orders (order_id, customer_id, product_id, order_date, quantity, price, total_value) VALUES (127, 32, 2, '2022-09-19', 3, NULL, 0.0);
INSERT INTO orders (order_id, customer_id, product_id, order_date, quantity, price, total_value) VALUES (128, 1, 25, '2022-04-14', 3, NULL, 0.0);
INSERT INTO orders (order_id, customer_id, product_id, order_date, quantity, price, total_value) VALUES (129, 22, 21, '2023-04-20', 1, NULL, 0.0);
INSERT INTO orders (order_id, customer_id, product_id, order_date, quantity, price, total_value) VALUES (130, 3, 25, '2022-01-17', 3, NULL, 0.0);
INSERT INTO orders (order_id, customer_id, product_id, order_date, quantity, price, total_value) VALUES (131, 16, 13, '2023-12-14', 1, NULL, 0.0);
INSERT INTO orders (order_id, customer_id, product_id, order_date, quantity, price, total_value) VALUES (132, 14, 28, '2022-05-14', 4, NULL, 0.0);
INSERT INTO orders (order_id, customer_id, product_id, order_date, quantity, price, total_value) VALUES (133, 43, 7, '2022-06-12', 4, NULL, 0.0);
INSERT INTO orders (order_id, customer_id, product_id, order_date, quantity, price, total_value) VALUES (134, 47, 21, '2022-02-16', 3, NULL, 0.0);
INSERT INTO orders (order_id, customer_id, product_id, order_date, quantity, price, total_value) VALUES (135, 18, 2, '2022-04-02', 1, NULL, 0.0);
INSERT INTO orders (order_id, customer_id, product_id, order_date, quantity, price, total_value) VALUES (136, 5, 1, '2023-12-17', 2, NULL, 0.0);
INSERT INTO orders (order_id, customer_id, product_id, order_date, quantity, price, total_value) VALUES (137, 6, 8, '2023-09-18', 1, NULL, 0.0);
INSERT INTO orders (order_id, customer_id, product_id, order_date, quantity, price, total_value) VALUES (138, 3, 18, '2023-08-03', 2, NULL, 0.0);
INSERT INTO orders (order_id, customer_id, product_id, order_date, quantity, price, total_value) VALUES (139, 38, 27, '2022-11-29', 2, NULL, 0.0);
INSERT INTO orders (order_id, customer_id, product_id, order_date, quantity, price, total_value) VALUES (140, 28, 21, '2022-09-24', 2, NULL, 0.0);
INSERT INTO orders (order_id, customer_id, product_id, order_date, quantity, price, total_value) VALUES (141, 39, 11, '2023-03-26', 4, NULL, 0.0);
INSERT INTO orders (order_id, customer_id, product_id, order_date, quantity, price, total_value) VALUES (142, 46, 4, '2022-11-12', 2, NULL, 0.0);
INSERT INTO orders (order_id, customer_id, product_id, order_date, quantity, price, total_value) VALUES (143, 42, 29, '2023-01-19', 5, NULL, 0.0);
INSERT INTO orders (order_id, customer_id, product_id, order_date, quantity, price, total_value) VALUES (144, 32, 2, '2023-12-09', 1, NULL, 0.0);
INSERT INTO orders (order_id, customer_id, product_id, order_date, quantity, price, total_value) VALUES (145, 28, 27, '2022-06-09', 1, NULL, 0.0);
INSERT INTO orders (order_id, customer_id, product_id, order_date, quantity, price, total_value) VALUES (146, 22, 27, '2023-07-29', 1, NULL, 0.0);
INSERT INTO orders (order_id, customer_id, product_id, order_date, quantity, price, total_value) VALUES (147, 34, 7, '2023-06-06', 4, NULL, 0.0);
INSERT INTO orders (order_id, customer_id, product_id, order_date, quantity, price, total_value) VALUES (148, 16, 10, '2023-08-30', 5, NULL, 0.0);
INSERT INTO orders (order_id, customer_id, product_id, order_date, quantity, price, total_value) VALUES (149, 22, 25, '2023-03-08', 4, NULL, 0.0);
INSERT INTO orders (order_id, customer_id, product_id, order_date, quantity, price, total_value) VALUES (150, 50, 30, '2023-01-05', 2, NULL, 0.0);
INSERT INTO orders (order_id, customer_id, product_id, order_date, quantity, price, total_value) VALUES (151, 32, 29, '2023-09-03', 5, NULL, 0.0);
INSERT INTO orders (order_id, customer_id, product_id, order_date, quantity, price, total_value) VALUES (152, 28, 23, '2022-07-28', 5, NULL, 0.0);
INSERT INTO orders (order_id, customer_id, product_id, order_date, quantity, price, total_value) VALUES (153, 28, 12, '2022-05-13', 4, NULL, 0.0);
INSERT INTO orders (order_id, customer_id, product_id, order_date, quantity, price, total_value) VALUES (154, 26, 23, '2022-08-12', 4, NULL, 0.0);
INSERT INTO orders (order_id, customer_id, product_id, order_date, quantity, price, total_value) VALUES (155, 42, 5, '2023-12-11', 5, NULL, 0.0);
INSERT INTO orders (order_id, customer_id, product_id, order_date, quantity, price, total_value) VALUES (156, 2, 17, '2023-08-30', 1, NULL, 0.0);
INSERT INTO orders (order_id, customer_id, product_id, order_date, quantity, price, total_value) VALUES (157, 19, 1, '2023-04-19', 5, NULL, 0.0);
INSERT INTO orders (order_id, customer_id, product_id, order_date, quantity, price, total_value) VALUES (158, 15, 30, '2023-10-29', 1, NULL, 0.0);
INSERT INTO orders (order_id, customer_id, product_id, order_date, quantity, price, total_value) VALUES (159, 19, 8, '2022-04-14', 1, NULL, 0.0);
INSERT INTO orders (order_id, customer_id, product_id, order_date, quantity, price, total_value) VALUES (160, 20, 11, '2023-03-25', 2, NULL, 0.0);
INSERT INTO orders (order_id, customer_id, product_id, order_date, quantity, price, total_value) VALUES (161, 24, 24, '2023-07-13', 5, NULL, 0.0);
INSERT INTO orders (order_id, customer_id, product_id, order_date, quantity, price, total_value) VALUES (162, 3, 25, '2022-07-13', 4, NULL, 0.0);
INSERT INTO orders (order_id, customer_id, product_id, order_date, quantity, price, total_value) VALUES (163, 18, 18, '2023-07-21', 1, NULL, 0.0);
INSERT INTO orders (order_id, customer_id, product_id, order_date, quantity, price, total_value) VALUES (164, 19, 2, '2022-06-24', 3, NULL, 0.0);
INSERT INTO orders (order_id, customer_id, product_id, order_date, quantity, price, total_value) VALUES (165, 13, 27, '2022-06-30', 2, NULL, 0.0);
INSERT INTO orders (order_id, customer_id, product_id, order_date, quantity, price, total_value) VALUES (166, 19, 18, '2022-11-28', 5, NULL, 0.0);
INSERT INTO orders (order_id, customer_id, product_id, order_date, quantity, price, total_value) VALUES (167, 2, 15, '2023-11-13', 3, NULL, 0.0);
INSERT INTO orders (order_id, customer_id, product_id, order_date, quantity, price, total_value) VALUES (168, 50, 19, '2023-04-25', 2, NULL, 0.0);
INSERT INTO orders (order_id, customer_id, product_id, order_date, quantity, price, total_value) VALUES (169, 38, 14, '2023-08-18', 4, NULL, 0.0);
INSERT INTO orders (order_id, customer_id, product_id, order_date, quantity, price, total_value) VALUES (170, 45, 26, '2023-09-01', 5, NULL, 0.0);
INSERT INTO orders (order_id, customer_id, product_id, order_date, quantity, price, total_value) VALUES (171, 5, 18, '2022-11-29', 2, NULL, 0.0);
INSERT INTO orders (order_id, customer_id, product_id, order_date, quantity, price, total_value) VALUES (172, 17, 3, '2022-11-12', 1, NULL, 0.0);
INSERT INTO orders (order_id, customer_id, product_id, order_date, quantity, price, total_value) VALUES (173, 39, 29, '2023-11-01', 4, NULL, 0.0);
INSERT INTO orders (order_id, customer_id, product_id, order_date, quantity, price, total_value) VALUES (174, 45, 10, '2022-11-07', 2, NULL, 0.0);
INSERT INTO orders (order_id, customer_id, product_id, order_date, quantity, price, total_value) VALUES (175, 50, 7, '2023-09-29', 4, NULL, 0.0);
INSERT INTO orders (order_id, customer_id, product_id, order_date, quantity, price, total_value) VALUES (176, 34, 21, '2022-05-09', 2, NULL, 0.0);
INSERT INTO orders (order_id, customer_id, product_id, order_date, quantity, price, total_value) VALUES (177, 39, 24, '2022-08-01', 1, NULL, 0.0);
INSERT INTO orders (order_id, customer_id, product_id, order_date, quantity, price, total_value) VALUES (178, 49, 9, '2022-01-30', 3, NULL, 0.0);
INSERT INTO orders (order_id, customer_id, product_id, order_date, quantity, price, total_value) VALUES (179, 25, 5, '2022-11-22', 5, NULL, 0.0);
INSERT INTO orders (order_id, customer_id, product_id, order_date, quantity, price, total_value) VALUES (180, 16, 7, '2022-08-18', 1, NULL, 0.0);
INSERT INTO orders (order_id, customer_id, product_id, order_date, quantity, price, total_value) VALUES (181, 8, 6, '2023-10-25', 2, NULL, 0.0);
INSERT INTO orders (order_id, customer_id, product_id, order_date, quantity, price, total_value) VALUES (182, 42, 22, '2023-07-19', 3, NULL, 0.0);
INSERT INTO orders (order_id, customer_id, product_id, order_date, quantity, price, total_value) VALUES (183, 27, 18, '2022-07-19', 5, NULL, 0.0);
INSERT INTO orders (order_id, customer_id, product_id, order_date, quantity, price, total_value) VALUES (184, 2, 22, '2023-09-16', 4, NULL, 0.0);
INSERT INTO orders (order_id, customer_id, product_id, order_date, quantity, price, total_value) VALUES (185, 3, 13, '2022-12-10', 2, NULL, 0.0);
INSERT INTO orders (order_id, customer_id, product_id, order_date, quantity, price, total_value) VALUES (186, 15, 8, '2023-08-26', 2, NULL, 0.0);
INSERT INTO orders (order_id, customer_id, product_id, order_date, quantity, price, total_value) VALUES (187, 30, 2, '2023-05-06', 4, NULL, 0.0);
INSERT INTO orders (order_id, customer_id, product_id, order_date, quantity, price, total_value) VALUES (188, 28, 7, '2022-12-31', 2, NULL, 0.0);
INSERT INTO orders (order_id, customer_id, product_id, order_date, quantity, price, total_value) VALUES (189, 7, 14, '2022-12-06', 3, NULL, 0.0);
INSERT INTO orders (order_id, customer_id, product_id, order_date, quantity, price, total_value) VALUES (190, 13, 9, '2023-02-09', 5, NULL, 0.0);
INSERT INTO orders (order_id, customer_id, product_id, order_date, quantity, price, total_value) VALUES (191, 24, 25, '2022-09-02', 1, NULL, 0.0);
INSERT INTO orders (order_id, customer_id, product_id, order_date, quantity, price, total_value) VALUES (192, 8, 10, '2023-04-20', 3, NULL, 0.0);
INSERT INTO orders (order_id, customer_id, product_id, order_date, quantity, price, total_value) VALUES (193, 23, 3, '2022-07-01', 2, NULL, 0.0);
INSERT INTO orders (order_id, customer_id, product_id, order_date, quantity, price, total_value) VALUES (194, 4, 3, '2023-06-07', 2, NULL, 0.0);
INSERT INTO orders (order_id, customer_id, product_id, order_date, quantity, price, total_value) VALUES (195, 40, 25, '2023-07-29', 5, NULL, 0.0);
INSERT INTO orders (order_id, customer_id, product_id, order_date, quantity, price, total_value) VALUES (196, 50, 23, '2023-05-19', 5, NULL, 0.0);
INSERT INTO orders (order_id, customer_id, product_id, order_date, quantity, price, total_value) VALUES (197, 40, 13, '2023-07-16', 5, NULL, 0.0);
INSERT INTO orders (order_id, customer_id, product_id, order_date, quantity, price, total_value) VALUES (198, 5, 7, '2022-02-03', 1, NULL, 0.0);
INSERT INTO orders (order_id, customer_id, product_id, order_date, quantity, price, total_value) VALUES (199, 11, 22, '2022-03-22', 1, NULL, 0.0);
INSERT INTO orders (order_id, customer_id, product_id, order_date, quantity, price, total_value) VALUES (200, 6, 6, '2022-02-05', 1, NULL, 0.0);
